sourceAddress,date,amount,destinationWallet,addressGroup
1M2QpWb7xspmtYHgVmGgrewWPBF7SjPCJb,"2020-11-14 07:08:23",0.0372,115p7UMMngoj1pMvkpHijcRdfJNXj6LrLn,WannaCry
bc1qrp9wp5e3404g00msqpmfcr3tg3zytlat3yqzq5,"2020-03-07 23:12:48",0.0002783,115p7UMMngoj1pMvkpHijcRdfJNXj6LrLn,WannaCry
"1NxuVvuHatdTeZRW5EmEXhxUrPUQNrfGk3, 1DQnu1gb4JpHNyfwEHKbaWyov6JrEJGxHy, 1JhhEFfCXwXirM5JuzrdeaSWs1LUvHzaqS","2019-09-01 07:06:29",0.03011781,115p7UMMngoj1pMvkpHijcRdfJNXj6LrLn,WannaCry
3Cyc97jUu67hBtWZe4dZt2tY7rVBLUr6ip,"2018-12-29 11:52:50",0.07766226,115p7UMMngoj1pMvkpHijcRdfJNXj6LrLn,WannaCry
32H17mJievk3VRVYN8Bw6YczsmirTppF3e,"2018-12-29 10:28:42",0.05194346,115p7UMMngoj1pMvkpHijcRdfJNXj6LrLn,WannaCry
18FPRjo9zgxJwUDonpBfLiud4tntWPxuP9,"2018-04-09 18:44:30",0.00036637,115p7UMMngoj1pMvkpHijcRdfJNXj6LrLn,WannaCry
3422VtS7UtCvXYxoXMVp6eZupR252z85oC,"2018-02-14 13:51:53",0.06,115p7UMMngoj1pMvkpHijcRdfJNXj6LrLn,WannaCry
"3DnByQ6HVhcFLj452uxWDZ7ZefSxQ6SsWE, 3JWX3wYwf69pMz1yCDoefeWXNYM2guuq3p, 3PQBPN4dmJd8e5BxTRoaMjibxTMKUznScC, 3JS6ctr6ub1BvuJguFLXogTDB66rPFjj6G, 35dfTWjVtiRf45pyRF7kqMAt4SubfZWhsc, 32NuSgHrC7Ek7aELZxjeDwjN1JgtvJnRZw, 3DnByQ6HVhcFLj452uxWDZ7ZefSxQ6SsWE, 3FMH1wz79MnwhoBEHwsKf9U77dwZJAjnDX, 35pgdWa4YC8pHsCokojufH26XPDB8dALDk, 35RrAEGUHYJ6rQVCBxQpTPcMjyhy3nqcJF, 37neGNF8iUyNNSQHMihuKsDoa4cbmczAt8, 3DYydPtqSfP2X2TthMnPoTvfnhxLnWNwdy, 36c3CbVw1BfaYV8myf9Xxw3hw1ys32AQR4, 3JSvgmTKPjGz8s6fMfeYgx8416UVFqMcLe, 38uxTcgKpZ5xM8X5jZapyE3NyvAyhhnpgq, 3DnByQ6HVhcFLj452uxWDZ7ZefSxQ6SsWE, 3EAZrqVpiedjq32K7iFLB324bmCZJgFXSz, 36pQjvNMRiufycBCbyGsFZDRey48Xpqcgu, 3CERR8Bnh7eZ8LxYcvVaANDZLWDkMWbkjV, 33vSrDUwHDwLGYMLSTMUkdUGPZzfZKJG6J, 3C6JGfk5qezq9sgZXRcsx8AxwU6UWC7Pi8, 3QSug8cqeBpoHrETFNQmk9E8oR94V8Y3Qh, 35w4gfdqf8wb9T8adnvB8PLZDxav67eSr4, 3ChrGXpjBXHqcNCUAwBph54JzC7xgU378M, 3E9rVEzeiZKuQTkqaidF1L4LLLQpH8JM2V, 3JSvgmTKPjGz8s6fMfeYgx8416UVFqMcLe, 3DnByQ6HVhcFLj452uxWDZ7ZefSxQ6SsWE","2017-12-11 14:46:09",0.10772567,115p7UMMngoj1pMvkpHijcRdfJNXj6LrLn,WannaCry
"36pQjvNMRiufycBCbyGsFZDRey48Xpqcgu, 38oVutyWRTjriBwQhesPbd9Ezz9LDD1mAe, 3FaHDkfUwB6Fq9kYs2fh9jrnA9GnoMRYxW, 3KTLu7PPPv5mw4bpnpEzCGNfkwC9u31qSg, 3894qgkfRxD9dMdRzigVmxu3oFPw9t2rG4, 36pQjvNMRiufycBCbyGsFZDRey48Xpqcgu, 3KZiXdhDsC6R3xKPwkywqJRW5327UtCRwN, 3MmcSAPWezi2k4ZZfRwtUjXJn5hJaqa3XE, 35DRq2KEPcoRgfkXbP5qDoSda1SoWgNwuu, 3DnByQ6HVhcFLj452uxWDZ7ZefSxQ6SsWE, 3JSvgmTKPjGz8s6fMfeYgx8416UVFqMcLe, 3QiakksPZ2dXaXS74oH2TBrYi61A2Ady9F, 34hwRq5SXL1ca1tisD3wG89mfdmKkGFv47, 3JVMmaJoUD1jaWH3n1J8EZ6nHJxkk9ff8Y, 3AHP2eW5smNXiukNqLee8QFEytGZ923Mj6, 3JSvgmTKPjGz8s6fMfeYgx8416UVFqMcLe, 3Pi3wkkKyyhp3GwMXjZbma6aodEPvLJKdT, 3GqJfypeVz5DB1EmLKYAojawuf4YLCASkt, 38QWtDSt3SKDJjb5ni6bUpycAqa7rNiE8S, 32oqomYfEA6j9tBSxARKeJzJxnGFy95xkN, 36T6grhLXV2UiFMKthhd2eyeDPnzkKRPNg, 3JZwSrXqrzk2A7UkYmsptyjwVpkMPdDXKe, 3Ns4aMmJrzcnmNqozRRxvwghhpLh8Z41Yg, 32kQHWWXirNpPquk5ijdqjPWKjwF6F8Y4q, 37uEb5piGca7SCHWrJD1EosvYqL2Q47jGC, 3LtKRXNwhHDbfZBH1cXEt8zo3vMQxLMzX8, 34EVAqq8mhMZbNRe5oHWHzngtTSwmT42iJ, 35ofsLd9izLsunQcDfhDwn3WcV23LVyyy7, 39JrRni6wC8tEF4VFfJ4gtVmwN6cWf2sZq, 34hwRq5SXL1ca1tisD3wG89mfdmKkGFv47, 3DnByQ6HVhcFLj452uxWDZ7ZefSxQ6SsWE, 3PJf9xLejoRJrNzNc38dNMhrsR7uTRty5w, 3CytyuRbmhppr5vnHdS9oQrRB8648fe16C, 3KAPuFZJEuigNBTHF2DBJjXMWVjxFy2W2w, 33yiNfBnkKHgN9TTS1aT1iN7j44EHFWigF, 3BqWuLhSgw94c6dgAfwvTXUBb9Y4h6c4ZH, 3PUp7mXkeNVh3UvNVaYuMVDZDhBktYHTbu, 3HGn9XqtRJGv98N1wRdQ2tmyEQoNs17WZB, 3N8gkJprCbKtDHZZnKrZWuho4r66WmLRfY, 3DnByQ6HVhcFLj452uxWDZ7ZefSxQ6SsWE, 3GBMxpbjD98cSwRekVnbpGwcQhpfMcDXDM, 38kzPPZaemtRBg29wxTKcp2umAxZ7YP8U6, 36QHC8V1ZCyN8pBKD3bjD3fnk81rYL4dyx, 36u5jGbo6WCm1ZANcRnHNZYEo3TvgbM8wG, 3D25SWSfcypn7ysmo6VQVn2yPP4zahEWkG, 3EDPvnyH9RAVmZqzBrjserjBerkwLio9tE, 35MULM3jC8iAzLPZhPSWELrt6EPLJEYQZf, 33J9ynnQjiUj69d7uMZeJVxnLjBunCgbZV, 3JgsCdw6VciCMCFohbYd9DP8zbhKwsFqw7, 3MPunhiizZBnBK9iFXhMfg937tY56RT1dr, 32RQLBAMSndugVSjA9kyeV4AjzfXXJQ2gp","2017-12-11 14:34:37",0.01173005,115p7UMMngoj1pMvkpHijcRdfJNXj6LrLn,WannaCry
1N4CsydtBV6WbrfYgXKWXkdYguG8LxuECo,"2017-08-09 14:10:43",0.09,115p7UMMngoj1pMvkpHijcRdfJNXj6LrLn,WannaCry
15UPHHvW9bA8mmVgRr5QAdiNkHdBvpnayF,"2017-06-19 04:12:06",5.525e-05,115p7UMMngoj1pMvkpHijcRdfJNXj6LrLn,WannaCry
1EemAPeNqn2xMRp84i1fZ4qwzwWr28SZyC,"2017-06-16 09:51:01",1e-05,115p7UMMngoj1pMvkpHijcRdfJNXj6LrLn,WannaCry
12gv4PaRczYNWza8VQ1nqrtUvDMfqLY8Db,"2017-06-16 09:32:42",0.04,115p7UMMngoj1pMvkpHijcRdfJNXj6LrLn,WannaCry
3QbpjKX3j3bi2pq1HuXqG71mHJhHxMkwhM,"2017-06-14 05:08:20",0.005,115p7UMMngoj1pMvkpHijcRdfJNXj6LrLn,WannaCry
14iYdk93NkmHQmdtMChHnkvgVHWyovxKpA,"2017-06-08 07:18:54",0.0769,115p7UMMngoj1pMvkpHijcRdfJNXj6LrLn,WannaCry
"1HFQ9dbrQYxkA25VoE8YbAkZ918JJ6S9Kw, 1HFQ9dbrQYxkA25VoE8YbAkZ918JJ6S9Kw","2017-06-06 12:17:19",0.20780251,115p7UMMngoj1pMvkpHijcRdfJNXj6LrLn,WannaCry
1CHadLCqemBf4RrYAJ6nCy4wVgo2N1KenX,"2017-05-28 22:06:15",7.37e-06,115p7UMMngoj1pMvkpHijcRdfJNXj6LrLn,WannaCry
1Pvsso6P7Gbbj5gpRS3Y1YjHF1Qabo5DMw,"2017-05-26 16:34:57",0.246609,115p7UMMngoj1pMvkpHijcRdfJNXj6LrLn,WannaCry
"3CKLEK7RkR6d4YyDsp6A2xedrhmYjareqM, 3CKLEK7RkR6d4YyDsp6A2xedrhmYjareqM","2017-05-25 13:02:28",0.01252403,115p7UMMngoj1pMvkpHijcRdfJNXj6LrLn,WannaCry
"3CKLEK7RkR6d4YyDsp6A2xedrhmYjareqM, 3CKLEK7RkR6d4YyDsp6A2xedrhmYjareqM","2017-05-25 12:57:27",0.00834935,115p7UMMngoj1pMvkpHijcRdfJNXj6LrLn,WannaCry
3CKLEK7RkR6d4YyDsp6A2xedrhmYjareqM,"2017-05-25 12:57:27",0.00834935,115p7UMMngoj1pMvkpHijcRdfJNXj6LrLn,WannaCry
3CKLEK7RkR6d4YyDsp6A2xedrhmYjareqM,"2017-05-25 12:37:49",0.00417468,115p7UMMngoj1pMvkpHijcRdfJNXj6LrLn,WannaCry
"3CKLEK7RkR6d4YyDsp6A2xedrhmYjareqM, 3CKLEK7RkR6d4YyDsp6A2xedrhmYjareqM, 3CKLEK7RkR6d4YyDsp6A2xedrhmYjareqM","2017-05-25 12:37:49",0.04174677,115p7UMMngoj1pMvkpHijcRdfJNXj6LrLn,WannaCry
3CKLEK7RkR6d4YyDsp6A2xedrhmYjareqM,"2017-05-25 12:37:49",0.00626202,115p7UMMngoj1pMvkpHijcRdfJNXj6LrLn,WannaCry
"3CKLEK7RkR6d4YyDsp6A2xedrhmYjareqM, 3CKLEK7RkR6d4YyDsp6A2xedrhmYjareqM","2017-05-25 12:37:49",0.00208734,115p7UMMngoj1pMvkpHijcRdfJNXj6LrLn,WannaCry
3CKLEK7RkR6d4YyDsp6A2xedrhmYjareqM,"2017-05-25 12:37:49",0.00417468,115p7UMMngoj1pMvkpHijcRdfJNXj6LrLn,WannaCry
3CKLEK7RkR6d4YyDsp6A2xedrhmYjareqM,"2017-05-25 12:37:49",0.00208734,115p7UMMngoj1pMvkpHijcRdfJNXj6LrLn,WannaCry
3CKLEK7RkR6d4YyDsp6A2xedrhmYjareqM,"2017-05-25 12:37:49",0.00208734,115p7UMMngoj1pMvkpHijcRdfJNXj6LrLn,WannaCry
1Aw8LZeZqfwE148STm9qRNXsqTsyXaBZx,"2017-05-23 17:50:52",0.14019899,115p7UMMngoj1pMvkpHijcRdfJNXj6LrLn,WannaCry
"15P4tipaVP4uy8GUiukuf9My4cSp6QprcV, 1NXmZBb3PqqrmeyoBWx2UsJcRbq3MBXgR8","2017-05-21 16:09:00",0.306276,115p7UMMngoj1pMvkpHijcRdfJNXj6LrLn,WannaCry
1JZeG9pRsquiRzJ2GF82kUgb8wcq4xiLAz,"2017-05-21 04:54:27",7.34e-06,115p7UMMngoj1pMvkpHijcRdfJNXj6LrLn,WannaCry
"3FtU7XwE2xY6FK16S3JuTTAnxgEdengfVB, 3JvFtgodW5qUwvX9Qc1qdhUJicuywektzE, 3Nu648zoMLBXPMqSdVBs7EReuAMZku4UCZ, 3Hr1NJnYbKGsgUABDcaxZmJ7dH9Ee6mva5, 38r1L2fpVS3pPS1HWSaSTKHiydchLi1ukE, 39J7Dn9qw6DxmhazhqhycpMyqrV7R1xh7M, 3JDokTVKDt26jmRsWcWoQG8sdmgQGsNLW4, 3NLz7rNUFvD4a7e9KugEXPR6jcfFQjox1B","2017-05-21 03:37:53",0.15,115p7UMMngoj1pMvkpHijcRdfJNXj6LrLn,WannaCry
1CPYd77GPgGFxv6NAgbbgvw6a4zCt9Q2KM,"2017-05-20 10:47:37",0.1498,115p7UMMngoj1pMvkpHijcRdfJNXj6LrLn,WannaCry
"35hRb9a68y5N5MvqJCKtFdjLtUgfaEoNiL, 35hRb9a68y5N5MvqJCKtFdjLtUgfaEoNiL","2017-05-19 15:23:50",0.30799999,115p7UMMngoj1pMvkpHijcRdfJNXj6LrLn,WannaCry
1MvKb9roMp68qr1iUXwcZi1mYKpiNo6gE6,"2017-05-19 10:11:29",0.33679,115p7UMMngoj1pMvkpHijcRdfJNXj6LrLn,WannaCry
344EnjtiT9CTJJCbk1mw7FELM3eY6m9fSQ,"2017-05-19 07:52:59",0.001,115p7UMMngoj1pMvkpHijcRdfJNXj6LrLn,WannaCry
1EnxErtRRpfshfZHCGj2dhVfKqNUvqB6uV,"2017-05-18 22:30:34",0.33,115p7UMMngoj1pMvkpHijcRdfJNXj6LrLn,WannaCry
"3FBdG7FD5Vrb9dxtpAsHX7SKLS4uEcdfqY, 3DWV5LB8cXbdwiRtEHrBoiUixhdtZg3s2n, 3QTAE8JsE9XvUfnwnGeEZBK9p2AseFfYdL, 3PJcfc7qxr8ip2S3BnRg8iytAZ3mbJMv3j, 3C3FDMhq999oXwyK5fqp3Z6UNAiwMhC7Rn","2017-05-18 19:41:10",0.16417,115p7UMMngoj1pMvkpHijcRdfJNXj6LrLn,WannaCry
1EGUNbdhESouTXVdcDXWfnVJTpAtViaRaw,"2017-05-18 15:23:38",0.16548,115p7UMMngoj1pMvkpHijcRdfJNXj6LrLn,WannaCry
"1HWTg6YPnbb4DoPqmY8bwFr6s8BoHyAVBf, 1LPG25hYrc91YgoBqrZwkqg7xapLX5GQGe","2017-05-18 11:55:23",0.17171661,115p7UMMngoj1pMvkpHijcRdfJNXj6LrLn,WannaCry
1C91S6871QRTTTMdhVsQEv9LbdU684eamg,"2017-05-17 20:28:50",0.34477658,115p7UMMngoj1pMvkpHijcRdfJNXj6LrLn,WannaCry
"1EGUNbdhESouTXVdcDXWfnVJTpAtViaRaw, 1EGUNbdhESouTXVdcDXWfnVJTpAtViaRaw","2017-05-17 16:06:47",0.166464,115p7UMMngoj1pMvkpHijcRdfJNXj6LrLn,WannaCry
1PJ5tKbRr7sX8vp4hKk1QSgugqkhvH3sKH,"2017-05-17 16:06:47",0.36,115p7UMMngoj1pMvkpHijcRdfJNXj6LrLn,WannaCry
"1BKs1xbE7MqTVGce1u7hHauepsPRPBoXLh, 1ED3Fz9WtiuBL3vJbDXyQxXWcVxRT6qEAH, 1suBq2edW9yQL2Q7YBpAG7E3xEdAi5tA9, 15LkDguqgnjAXWjhBNphwRGQnGxyxeKubA, 14iuuqtX65H9ZRbx3XHGj64cr62oL9JZEJ, 1AKpy3Dsj2BoLzhtXzg76DeSMYxmYEpyw2, 1EueP8aZg2chaQCHebrRS7F8RwvUpZ7zEL","2017-05-17 06:04:26",0.00069,115p7UMMngoj1pMvkpHijcRdfJNXj6LrLn,WannaCry
"1CvEGCYQ63vAyenoPrFzUf5fdrLtvrUVG1, 12UEEZDevXTFpGbKmjpoDepopkoTspbRNo, 1Cx5fNcLHSSQ5iyUEPRnj2yscgGamh2kF7, 1P1xxaUVrL3PfTZ34osNWnukUYsQUP5wzm, 1KiuZJwFbipJq1iiunfG9ibenw45a8tLZT","2017-05-17 05:58:09",0.00038,115p7UMMngoj1pMvkpHijcRdfJNXj6LrLn,WannaCry
3NXoPJnNgcbDgJKbH6nSvW5RUpx6Q6MFVT,"2017-05-17 01:55:07",0.005,115p7UMMngoj1pMvkpHijcRdfJNXj6LrLn,WannaCry
1KnGZzwkem9XQBhwGtU3QxFmfCuKyS6QjF,"2017-05-17 00:43:05",0.0001337,115p7UMMngoj1pMvkpHijcRdfJNXj6LrLn,WannaCry
12dK8CyrwZCZcQaNUBRJktom9mTiZGh6bV,"2017-05-17 00:43:05",0.0001337,115p7UMMngoj1pMvkpHijcRdfJNXj6LrLn,WannaCry
3LBTes3ZMjbfHEgWKpYM9kZWNudthwv6M9,"2017-05-17 00:30:17",0.002,115p7UMMngoj1pMvkpHijcRdfJNXj6LrLn,WannaCry
1MjaNaXPjrUzEr8bPRaENPMTWBttyVn5Un,"2017-05-16 22:50:18",0.1690546,115p7UMMngoj1pMvkpHijcRdfJNXj6LrLn,WannaCry
"1BzkpUC79cZzpc3XTgxASRwG3hMzMVpQAA, 1CASdf667tHa9Sh87bZ2NWdcHrk7A9YtxT, 1Cm4RC3JQ5Yur9SQzzGtbXLWEux4WzXRgL, 1BW7vd3bF9yZ8Sh7ayBVZJjQn2FyX3nYFf","2017-05-16 16:05:16",0.169683,115p7UMMngoj1pMvkpHijcRdfJNXj6LrLn,WannaCry
"19hMk9CTpKLziZrbuGapBNnQ4Gn7SsonyY, 19NBhxypdipdtX6aqV4VUy1xpvZ8ihkiph, 18sj5vXuvFqQ3HUSTGLcS45R8q5pKqCZCr, 19MH1KiuVkxSmWvcamzqF3JxFgwV9csPUm","2017-05-16 14:39:33",0.17113,115p7UMMngoj1pMvkpHijcRdfJNXj6LrLn,WannaCry
"1NKD35i4hp5YAekPaEFQjpZiRWoHsYkJga, 13cKNEzuWcd1v4A39ufNGTwAktBWAhqsmm","2017-05-16 12:37:13",0.1798124,115p7UMMngoj1pMvkpHijcRdfJNXj6LrLn,WannaCry
1NeBJvmue72uGBUUJkFWTnCfhxJBNpjdV8,"2017-05-16 10:41:47",0.33534612,115p7UMMngoj1pMvkpHijcRdfJNXj6LrLn,WannaCry
1Gp52XtNBHgqubx9VsqpT38vmy22HzDURh,"2017-05-16 08:51:21",0.16480574,115p7UMMngoj1pMvkpHijcRdfJNXj6LrLn,WannaCry
"1Ae69QZ1ZVX2MxGjDGyb2yvVdg1Kq69o7o, 1Ae69QZ1ZVX2MxGjDGyb2yvVdg1Kq69o7o","2017-05-16 03:52:17",0.18,115p7UMMngoj1pMvkpHijcRdfJNXj6LrLn,WannaCry
3NHnHAdnHuLDtAQhjnqPuYtzi9XSEsZUi2,"2017-05-16 01:51:51",0.151,115p7UMMngoj1pMvkpHijcRdfJNXj6LrLn,WannaCry
14bn2VXDUUgGuDw1ckZFzC4dj2PFrpGcEp,"2017-05-16 00:41:32",0.02324511,115p7UMMngoj1pMvkpHijcRdfJNXj6LrLn,WannaCry
1JPtD48zaV5zYRhpxeavnsrB6cGdxCvK7v,"2017-05-15 21:31:29",0.35149432,115p7UMMngoj1pMvkpHijcRdfJNXj6LrLn,WannaCry
"1YouY9kBpgSZ6GY2gTGoTc8PkzDh5jzrv, 1AiNh3Jg5EniEF1w23gxYJKdh9Ndghzn5U, 1AreHv6GUecWs5De7urzy2xC2dgvrGkERT, 1Cunt77ScCYexiYmXiDiFCJ9jFm5YNDtnL","2017-05-15 15:40:34",1.81e-05,115p7UMMngoj1pMvkpHijcRdfJNXj6LrLn,WannaCry
"1Moeo9J7wCEUKg22Wa5XENVbxGfuDZDDvE, 15V5CFzk34gyM1yazej9Kf9Ki23XJSvgbs, 1GKbkXstXzE7AJEQHaxuC29i5q4AGuBcrs","2017-05-15 15:40:34",0.17789303,115p7UMMngoj1pMvkpHijcRdfJNXj6LrLn,WannaCry
1B8knf9wan8Xdq1vbpAfKzSdrntigtvBVD,"2017-05-15 15:40:34",0.17,115p7UMMngoj1pMvkpHijcRdfJNXj6LrLn,WannaCry
18tPQYK5kdHybe7W7L7sJnEnj9o5mj8sGA,"2017-05-15 15:34:58",0.2,115p7UMMngoj1pMvkpHijcRdfJNXj6LrLn,WannaCry
38CWxiCXCam12DrRxkeEFv5G3RSERCZKfX,"2017-05-15 15:04:07",0.1695,115p7UMMngoj1pMvkpHijcRdfJNXj6LrLn,WannaCry
"3AKdKcfzQ44JuLLMxwbJDp4uFYrXUZVtH6, 3BnHCXWgw5ojtcLDia1AdobtsCAdZiJ7BZ, 3PWPrE4Rfb7bPzGwbQT4YvDZnajQ63fcDW, 3HaPHKLHwN85715BFHK2QmhPPw4J5kvM9g, 3MEk5rUHxieFuSDbGB4xqws14rCaGyrpEt, 33HNWj2yX4EEz9Lk8NrovLMUYwWXe4fBoA","2017-05-15 14:04:30",0.16246013,115p7UMMngoj1pMvkpHijcRdfJNXj6LrLn,WannaCry
1K15tN4jp2HizKCyozawCrPxSogY3jnx9J,"2017-05-15 13:59:18",0.17552932,115p7UMMngoj1pMvkpHijcRdfJNXj6LrLn,WannaCry
"1JFxFxUxhDDQDkmJpFd47nMjW37ceWWXqT, 1KY5MhfvD6CcfXdgYj2BBVnmJzav6URvTQ","2017-05-15 13:47:58",0.17225144,115p7UMMngoj1pMvkpHijcRdfJNXj6LrLn,WannaCry
144PLn5Gat1LJAgwDEHDrvojTFaMEEvXsF,"2017-05-15 13:42:01",0.1691,115p7UMMngoj1pMvkpHijcRdfJNXj6LrLn,WannaCry
17MnNxXoKhTqsCVmgMPAsej67FY5om2Aq8,"2017-05-15 11:54:19",0.17820515,115p7UMMngoj1pMvkpHijcRdfJNXj6LrLn,WannaCry
"1BoH3p39LXUCJuCPMtVcegPxpEAVpsezct, 1B2v3x43RiJN2GPZ1eXJBbSmywDsipj8Wt, 1MKhqydB8tHz7wMkZ6gT41e5cZ2bdGFpb8, 19w8xR4WQRMhrtR2E4DJ8Pry9aNad337C3","2017-05-15 10:41:47",0.11126148,115p7UMMngoj1pMvkpHijcRdfJNXj6LrLn,WannaCry
19HKtJY8RGZ3fuhzrKeCW8zADukGRrrJ3k,"2017-05-15 10:21:44",0.17013498,115p7UMMngoj1pMvkpHijcRdfJNXj6LrLn,WannaCry
1Dy8Rhx85tauazfUhmSRYM2Z9Pj6PU4kwP,"2017-05-15 10:05:35",0.18,115p7UMMngoj1pMvkpHijcRdfJNXj6LrLn,WannaCry
1NdUk6yHhAwLRkUymc2aCEGieBMuve8jHR,"2017-05-15 09:39:27",0.1757288,115p7UMMngoj1pMvkpHijcRdfJNXj6LrLn,WannaCry
1BR19DRzm19Di6sLNA26dzVPzBE2H1J4e8,"2017-05-15 09:39:27",0.16609346,115p7UMMngoj1pMvkpHijcRdfJNXj6LrLn,WannaCry
"3EBBhrKEkQvojs5Hxif2mDi4b9LzeH5Skr, 3LNPVH4mxTQtDZNdaryUuhAhWb4H7sCwWu, 34ErxuU7gUs8njPx2q3w9qZeg3Nsoc3LNE, 3QqJJH3pAnXJyjnuuQA3LY87AqhXAVzdpc, 3McjhEgPbcDHos6Ji8gMEJWk6P9T8ijdHe, 3982bFRDMWtcWWrhFF1Y2r4BKxBEp4JG6E","2017-05-15 09:28:57",0.2,115p7UMMngoj1pMvkpHijcRdfJNXj6LrLn,WannaCry
1KR6iDjMarWJqedxpMnapyN81upnEyQaUo,"2017-05-15 09:28:57",0.177246,115p7UMMngoj1pMvkpHijcRdfJNXj6LrLn,WannaCry
"1AQdKtD3kj5fA83HLgYgwBtCwpdmutjxSc, 18Zy4TZSbXTfQ42cHSS2UGweo8juMhXKsF","2017-05-15 07:39:58",0.18323498,115p7UMMngoj1pMvkpHijcRdfJNXj6LrLn,WannaCry
"12KfDEtGFofyWdukqZvzFtXaMt29JDJYXJ, 1B9nL1u6QWTngeufquHZcfNSpVd74vsXgc","2017-05-15 07:35:12",0.172502,115p7UMMngoj1pMvkpHijcRdfJNXj6LrLn,WannaCry
3GqqhCyrBHXvKwmfeZxYQAi3zpcNKENXFr,"2021-05-27 13:14:31",0.0077,13AM4VW2dhxYgXeQepoHkHSQuy6NgaEb94,WannaCry
14LXmEDmQ6dEBUbwHmtMgDQZUKH1qxcBr2,"2020-08-30 14:35:57",0.001,13AM4VW2dhxYgXeQepoHkHSQuy6NgaEb94,WannaCry
1H3nwrL8acJDhejt2mW7ianBrQtTw9LTvn,"2020-08-27 09:37:20",0.0015,13AM4VW2dhxYgXeQepoHkHSQuy6NgaEb94,WannaCry
bc1qnav5fjv4qcz4dlkyq6ncxa5an36ag7e0ee8klm,"2020-04-16 06:15:11",0.02168194,13AM4VW2dhxYgXeQepoHkHSQuy6NgaEb94,WannaCry
1Gp6bfuBYBwh1LApKwu9YNvo45qFPC1ZfV,"2019-04-22 07:10:42",0.0584,13AM4VW2dhxYgXeQepoHkHSQuy6NgaEb94,WannaCry
3422VtS7UtCvXYxoXMVp6eZupR252z85oC,"2018-02-14 13:51:53",0.06,13AM4VW2dhxYgXeQepoHkHSQuy6NgaEb94,WannaCry
1Cfby8tFqraUGPopx229q315RSR4Eyo6pE,"2018-01-07 05:24:32",0.00012,13AM4VW2dhxYgXeQepoHkHSQuy6NgaEb94,WannaCry
1soKWfCPVrr2GAuN2v3SbXGjrYsCEs2TG,"2018-01-03 22:32:29",0.0001,13AM4VW2dhxYgXeQepoHkHSQuy6NgaEb94,WannaCry
11WoLbasoiauFbe2cVV5VuaJYkwSJn72z,"2018-01-03 03:31:09",0.0001,13AM4VW2dhxYgXeQepoHkHSQuy6NgaEb94,WannaCry
15qSFahKKx2wdtvgEmHkwX8fKFuoKuHNDX,"2018-01-02 23:27:05",0.0201,13AM4VW2dhxYgXeQepoHkHSQuy6NgaEb94,WannaCry
182Neztu7T6V8vJpRu9VfBN2E6ssprXPmm,"2018-01-01 15:33:21",0.046098,13AM4VW2dhxYgXeQepoHkHSQuy6NgaEb94,WannaCry
1CmmDKyNsgY9t7w15t3gnd39TGXZywRySt,"2017-12-24 05:48:21",0.02163054,13AM4VW2dhxYgXeQepoHkHSQuy6NgaEb94,WannaCry
1D69WsHapQyAwB1BUkwkg5U14ShbvP1BA,"2017-09-25 10:27:23",0.09,13AM4VW2dhxYgXeQepoHkHSQuy6NgaEb94,WannaCry
1M3ohxxT6u29E5cXyoNucyuJdLrT7qNG3U,"2017-06-20 17:21:59",0.0001,13AM4VW2dhxYgXeQepoHkHSQuy6NgaEb94,WannaCry
1LjwvQXwnPb3RGnXfxBivAQQGNU7YqbC3j,"2017-06-17 04:40:10",0.00017093,13AM4VW2dhxYgXeQepoHkHSQuy6NgaEb94,WannaCry
1Y6JfhLPRqX3f2cF7TxLkztpojLxLEAuz,"2017-06-13 15:20:20",0.00109129,13AM4VW2dhxYgXeQepoHkHSQuy6NgaEb94,WannaCry
3LkjwTMe8dHtmtPvdiuFsw6ENLfod3wNge,"2017-06-11 21:07:29",0.19581815,13AM4VW2dhxYgXeQepoHkHSQuy6NgaEb94,WannaCry
3GgEWTBn1iV7J1ueC2T27eoj165yvid1EL,"2017-06-02 12:11:15",0.11947184,13AM4VW2dhxYgXeQepoHkHSQuy6NgaEb94,WannaCry
"12xAKivbTYjdZiXcCWQzzG7ZABnCEybdJy, 12xAKivbTYjdZiXcCWQzzG7ZABnCEybdJy","2017-05-27 12:17:24",0.13,13AM4VW2dhxYgXeQepoHkHSQuy6NgaEb94,WannaCry
1N7AQvLLXkhakde5VgDg3oM4UJyfQcex4v,"2017-05-25 10:00:17",0.27,13AM4VW2dhxYgXeQepoHkHSQuy6NgaEb94,WannaCry
13hCjrqPc2TNrBEZ9rxCTmBoxFLVeobjrJ,"2017-05-25 06:32:09",0.004559,13AM4VW2dhxYgXeQepoHkHSQuy6NgaEb94,WannaCry
"1N3y3Gt6KFan6jBNMpSrovDgjRHNAXweR3, 1LLnRwX1mcaPSvXiZydWe8LB1Zqqwcfamy, 1FpSCzBtQ2wSppTMv2VyHX2ssCeYVKAf9N","2017-05-23 07:24:35",0.268,13AM4VW2dhxYgXeQepoHkHSQuy6NgaEb94,WannaCry
13BmiKAPnuevqDXgNGbSuPfN36fLebSSc5,"2017-05-23 06:28:40",0.001,13AM4VW2dhxYgXeQepoHkHSQuy6NgaEb94,WannaCry
17A16QmavnUfCW11DAApiJxp7ARnxN5pGX,"2017-05-22 23:00:49",0.1899,13AM4VW2dhxYgXeQepoHkHSQuy6NgaEb94,WannaCry
"14WBecDzz1aKkTHN5aWohsPD3gi2FD63ZS, 1D1JedbV4A2o3YmiLALva7xfiffJfftqyE, 19wRKaqW5ZSDLSw7FLd1wWnMumm8jqAsxn, 1E6TePqo1uHXe7BKXgk6sfDrbSM4rspn9Z, 1MN2e3ARGtSgCUgbjQ8AJWMScYfzUF1kHG","2017-05-19 13:06:42",0.0212,13AM4VW2dhxYgXeQepoHkHSQuy6NgaEb94,WannaCry
"1HPHAmYfpVS6rXizCwFwMSo9rwLqSNczMJ, 1EG8EjM2QDuLxfkgnjRwAhGFEWY4rEMGyZ","2017-05-19 12:03:32",0.3077,13AM4VW2dhxYgXeQepoHkHSQuy6NgaEb94,WannaCry
"1KHiXdgRzPrSU1bRpQGoLGagso4PgB2Hr8, 1KHiXdgRzPrSU1bRpQGoLGagso4PgB2Hr8","2017-05-18 22:57:58",0.33612,13AM4VW2dhxYgXeQepoHkHSQuy6NgaEb94,WannaCry
"1KESLKw318nejFrpAVsnjRHAqxPrBv5aDX, 125vTRHayKtHFPUagwo8CjaT9RAvoNuRcT","2017-05-18 22:57:58",0.338004,13AM4VW2dhxYgXeQepoHkHSQuy6NgaEb94,WannaCry
1EJR3GeFdw25JecT4wv5Uc1GpzsqwxujvS,"2017-05-18 22:57:58",0.3099678,13AM4VW2dhxYgXeQepoHkHSQuy6NgaEb94,WannaCry
1LGmE7B3G9GPcMFibkycssJ9am6JCjN1eJ,"2017-05-18 22:39:05",0.00486966,13AM4VW2dhxYgXeQepoHkHSQuy6NgaEb94,WannaCry
1aw43jQEhUPvze3EwVbXWW3J4WK1A82M8,"2017-05-18 12:37:35",5.5e-05,13AM4VW2dhxYgXeQepoHkHSQuy6NgaEb94,WannaCry
"12uDozVqnBaGqeHFHDUrzFTVM5JZgc6EXS, 1DvMvGFCsWQDpiCJA1ZCkPkYYkKWmUzRDT, 141UrCph9LV8M7Q8snUNwG8L1ngWAm2hgm, 14YYzVnQVPsATnVeCpvjcoDon2GYsz43Lf, 1Njpeq6obrW2ncTGN2VFntLzeSo1qhaDrD","2017-05-18 05:51:28",0.1225,13AM4VW2dhxYgXeQepoHkHSQuy6NgaEb94,WannaCry
1LGmE7B3G9GPcMFibkycssJ9am6JCjN1eJ,"2017-05-17 19:17:19",0.32551954,13AM4VW2dhxYgXeQepoHkHSQuy6NgaEb94,WannaCry
1EwWw5gtBphmcgWgzaa7CPMgkxCe2Zzuzz,"2017-05-17 16:06:47",0.199,13AM4VW2dhxYgXeQepoHkHSQuy6NgaEb94,WannaCry
"1J7LY8hNvu4G3ofbLVsxMJMSNp5PJ8qCbf, 1Ai37BnxU6dDZWjkk8KQzTXEGWbqZXSavb","2017-05-17 12:41:51",0.34,13AM4VW2dhxYgXeQepoHkHSQuy6NgaEb94,WannaCry
1DkrvLw5T8ak33f9E7htrifRqf58yp2DHj,"2017-05-17 07:27:50",0.29161908,13AM4VW2dhxYgXeQepoHkHSQuy6NgaEb94,WannaCry
1MxAiSpQLk93NjDq8uHQVh1sLpe4D2DiJL,"2017-05-17 07:25:03",0.1193,13AM4VW2dhxYgXeQepoHkHSQuy6NgaEb94,WannaCry
19LGyXyJFGCsuTA7Ct3ZuGEsvm241F44E7,"2017-05-17 06:04:26",1.8e-05,13AM4VW2dhxYgXeQepoHkHSQuy6NgaEb94,WannaCry
"12gpsYTZiQMBKmC2det27ATdgk13xTFwyu, 1DGxSeeR89s193BfbqWNDzgpqq2WR81FNz","2017-05-17 05:38:07",0.16913661,13AM4VW2dhxYgXeQepoHkHSQuy6NgaEb94,WannaCry
113otfGAii3D1yfzonvwXnT5HtD71mkCvx,"2017-05-17 02:09:48",0.16982,13AM4VW2dhxYgXeQepoHkHSQuy6NgaEb94,WannaCry
1KnGZzwkem9XQBhwGtU3QxFmfCuKyS6QjF,"2017-05-17 00:43:05",0.0001337,13AM4VW2dhxYgXeQepoHkHSQuy6NgaEb94,WannaCry
12dK8CyrwZCZcQaNUBRJktom9mTiZGh6bV,"2017-05-17 00:43:05",0.0001337,13AM4VW2dhxYgXeQepoHkHSQuy6NgaEb94,WannaCry
3NcLfrNpkzgx9B6JA4MiGqdaQ12zN4f6aw,"2017-05-16 13:24:09",0.18,13AM4VW2dhxYgXeQepoHkHSQuy6NgaEb94,WannaCry
1EeJTVwKhxuPnkzt5cwZefDr6kN7KGBD7F,"2017-05-16 12:37:13",0.1942712,13AM4VW2dhxYgXeQepoHkHSQuy6NgaEb94,WannaCry
"1HzBpym6bdE2Q3piDJeHUUbpyyVz44N7Tu, 1AGoXWZbnpc9653pm3DUtUFRX6UzGTnxtK","2017-05-16 11:47:25",0.17368,13AM4VW2dhxYgXeQepoHkHSQuy6NgaEb94,WannaCry
1J2xbjqkxzNfjrqhRUgUm7L9eYde8xphQc,"2017-05-16 11:32:53",0.17653857,13AM4VW2dhxYgXeQepoHkHSQuy6NgaEb94,WannaCry
1HjVNL4kMjwsJh8eUdCp46MCXfDHCn3cuG,"2017-05-16 10:45:56",0.1202,13AM4VW2dhxYgXeQepoHkHSQuy6NgaEb94,WannaCry
"3BQnqUaepxv3DN7sYw9n6Rc3sgYMvUgmN5, 3ANqTTA9QboCJNkEA36kmN2G5h9AddjvXS, 3PrbaRf1vR1EdC5ZQhc9b8c5XLnoDQ2zja, 39yyxUD3qaUdNxt9zaprCT6UyxyFh3uCRB, 3PAbVt6Z3Bo5pcqzfnwJi2HsVRB8xheBrp, 3K5Gcs7ts6Lx6ctdeVzxGWTXJksqCRPhoJ","2017-05-16 10:33:47",0.17945756,13AM4VW2dhxYgXeQepoHkHSQuy6NgaEb94,WannaCry
"1Hm7TVPTZ3rF8TnwLw51ant1aQKwuRGHHN, 1DcRsDbwicd8USt8MWpR7FobeuskpRmt3P","2017-05-16 10:10:01",0.17194243,13AM4VW2dhxYgXeQepoHkHSQuy6NgaEb94,WannaCry
1H5Wx73GVjx3Q3nJPtsVypKy3WPsGXaAdt,"2017-05-16 09:15:59",0.32,13AM4VW2dhxYgXeQepoHkHSQuy6NgaEb94,WannaCry
16G4nnAiYB8yDbKD3bfEtXxELBJXJCssrj,"2017-05-16 06:29:27",5.5e-05,13AM4VW2dhxYgXeQepoHkHSQuy6NgaEb94,WannaCry
1LP3TEnCAmzntMACk75jkx3kfKFYB7QrT4,"2017-05-16 06:23:19",0.18053,13AM4VW2dhxYgXeQepoHkHSQuy6NgaEb94,WannaCry
196B5HC1f8318grWVhUhoPnzd5fnkk43eK,"2017-05-16 04:52:51",0.19863743,13AM4VW2dhxYgXeQepoHkHSQuy6NgaEb94,WannaCry
"12HpYVeK52F5r9Y6BX5mSzLRLrG8jtgHX9, 12HpYVeK52F5r9Y6BX5mSzLRLrG8jtgHX9","2017-05-16 04:29:43",0.13105346,13AM4VW2dhxYgXeQepoHkHSQuy6NgaEb94,WannaCry
1DDVZhU6WiABYveqJsHQ1HkAruQLWEGDMd,"2017-05-16 03:48:50",0.0004,13AM4VW2dhxYgXeQepoHkHSQuy6NgaEb94,WannaCry
1AReSDqARRQGDUSBa5f7pX8UHnTDaihjMB,"2017-05-16 03:19:17",0.17,13AM4VW2dhxYgXeQepoHkHSQuy6NgaEb94,WannaCry
1PfWimVudsC9bYXgMgMGteaK1ZUrafHYoB,"2017-05-16 02:32:21",0.35307193,13AM4VW2dhxYgXeQepoHkHSQuy6NgaEb94,WannaCry
1AmFwukse9wMHuegUWEwgcP8j8frGbHhs7,"2017-05-15 22:37:45",0.175548,13AM4VW2dhxYgXeQepoHkHSQuy6NgaEb94,WannaCry
"37MW6Lj6yWeEghvwr7YmuL56i5LUGVf28t, 3E1Wz2qkB8b2GY1VWkTw2rx9v1ymhhfAaV, 3QtStktCHG38sN2MPua61K3NGRHFXBJQFt, 358kfyPfE5cZ8xU5dPpUXpwcz1WLbHaWfX, 37s5hcNWC46atoJNMKFvy2zzGSYTvBrqem, 3Q2L6oCgh5V7dgWSXQwxzHRiw9Ddm8My8S, 3Pfjp8Eq3wo4sXGEb3QyiGewS8xKSDgg4r, 3GrXGaG1Bw4VKQd2VYddphk6ptUdw6GMt2","2017-05-15 20:37:58",0.17167241,13AM4VW2dhxYgXeQepoHkHSQuy6NgaEb94,WannaCry
3FxfHg3aS9F3mZrBJQKBM4t36sXRFf92aq,"2017-05-15 20:37:58",0.360168,13AM4VW2dhxYgXeQepoHkHSQuy6NgaEb94,WannaCry
1FoxBitjXcBeZUS4eDzPZ7b124q3N7QJK7,"2017-05-15 17:16:33",0.176188,13AM4VW2dhxYgXeQepoHkHSQuy6NgaEb94,WannaCry
1KSX2Rq7pGBrhTs667mU7KkkqEPUKPyazt,"2017-05-15 17:16:33",0.18831,13AM4VW2dhxYgXeQepoHkHSQuy6NgaEb94,WannaCry
16Zad75bVDXb4LV23ya8nFyt8wPfcRxNPp,"2017-05-15 15:55:37",0.1843,13AM4VW2dhxYgXeQepoHkHSQuy6NgaEb94,WannaCry
"1YouY9kBpgSZ6GY2gTGoTc8PkzDh5jzrv, 1AiNh3Jg5EniEF1w23gxYJKdh9Ndghzn5U, 1AreHv6GUecWs5De7urzy2xC2dgvrGkERT, 1Cunt77ScCYexiYmXiDiFCJ9jFm5YNDtnL","2017-05-15 15:40:34",1.81e-05,13AM4VW2dhxYgXeQepoHkHSQuy6NgaEb94,WannaCry
1MArRo1DSC7gZv1KvxEYuDh6G1YV6NikTm,"2017-05-15 15:40:34",7.347e-05,13AM4VW2dhxYgXeQepoHkHSQuy6NgaEb94,WannaCry
1CSKdCxEVRKDT787P5khd566xdve4KNPAt,"2017-05-15 15:40:34",0.00017,13AM4VW2dhxYgXeQepoHkHSQuy6NgaEb94,WannaCry
"1AtTpLEQTAoDV6dcJ8ioAoLtwG1wZ7qzLr, 1DUGtnp2NhvhmABAXjv9cYxmqATobJwRc5, 1EKAL5z3qjtC5Cx7YnfX3d5wwrn9PWtjXw, 19Vvz2Q1mXRpD14dg7wPPPruJGavohn8Ku","2017-05-15 14:20:47",0.18187603,13AM4VW2dhxYgXeQepoHkHSQuy6NgaEb94,WannaCry
35NnAHgVo6BDWfJAnfKpSnhMjvnLNUciYS,"2017-05-15 14:04:30",0.15,13AM4VW2dhxYgXeQepoHkHSQuy6NgaEb94,WannaCry
"1Dr2NnQsBUoeCeAkaPRkaRAixT3zQDSiQ1, 1Dr2NnQsBUoeCeAkaPRkaRAixT3zQDSiQ1","2017-05-15 13:59:18",0.171,13AM4VW2dhxYgXeQepoHkHSQuy6NgaEb94,WannaCry
1PKdKKgHaMgWSwiqW3r3AFAPe2pegh8Mr8,"2017-05-15 13:47:19",0.18,13AM4VW2dhxYgXeQepoHkHSQuy6NgaEb94,WannaCry
1PywuvcUMKh6zaFDmdfkY5o2zqtx2b2ZJg,"2017-05-15 13:43:15",0.3655,13AM4VW2dhxYgXeQepoHkHSQuy6NgaEb94,WannaCry
17UoaPLZeUQVobiptCKHNBg954nmUbE2uQ,"2017-05-15 12:32:24",0.18365467,13AM4VW2dhxYgXeQepoHkHSQuy6NgaEb94,WannaCry
1FTfSwW6LsixrU2y3bpbsBWMmaojfgDd9H,"2017-05-15 12:32:24",0.183,13AM4VW2dhxYgXeQepoHkHSQuy6NgaEb94,WannaCry
"16paFV5SiEDrp7xDrYymNpKn8STexProST, 16paFV5SiEDrp7xDrYymNpKn8STexProST","2017-05-15 11:54:13",0.174423,13AM4VW2dhxYgXeQepoHkHSQuy6NgaEb94,WannaCry
1EeJTVwKhxuPnkzt5cwZefDr6kN7KGBD7F,"2017-05-15 11:54:13",0.194,13AM4VW2dhxYgXeQepoHkHSQuy6NgaEb94,WannaCry
166a5nCHPf1NUjeNLWG8ECYEHKLvEnKRAX,"2017-05-15 10:37:38",0.17895255,13AM4VW2dhxYgXeQepoHkHSQuy6NgaEb94,WannaCry
17hfRqpCqCVwCjMXmUSCYSJTecPtQnTdTm,"2017-05-15 10:31:53",0.1834638,13AM4VW2dhxYgXeQepoHkHSQuy6NgaEb94,WannaCry
3Bk89wE7UmfxqztZJbdWB9LztaiiK7M4c7,"2017-05-15 10:24:33",0.16137389,13AM4VW2dhxYgXeQepoHkHSQuy6NgaEb94,WannaCry
1BmFmGWabHgeFivFHmtdbF3MfnZtjN1M6n,"2017-05-15 10:24:33",0.16492548,13AM4VW2dhxYgXeQepoHkHSQuy6NgaEb94,WannaCry
13dn6SpWdTbW6VEvfwJEkNJSDpTiyNDFP9,"2017-05-15 09:39:27",0.00909841,13AM4VW2dhxYgXeQepoHkHSQuy6NgaEb94,WannaCry
1447YhZfYALi4HrvQqyMJ1sSvGTKZHhPRz,"2017-05-15 09:28:57",0.15915555,13AM4VW2dhxYgXeQepoHkHSQuy6NgaEb94,WannaCry
1EZG2z3SnihQ5vRSJ5jPPetUdVRP5oBmDn,"2017-05-15 09:28:57",0.0137,13AM4VW2dhxYgXeQepoHkHSQuy6NgaEb94,WannaCry
126Vd3aST3DjLsMGSWZnv1t93mnMgFV8vF,"2017-05-15 09:28:57",0.35701,13AM4VW2dhxYgXeQepoHkHSQuy6NgaEb94,WannaCry
1PPr2r1T52ZpfGGpTYrfpAAEFs1KGv2wYf,"2017-05-15 09:14:41",0.0045,13AM4VW2dhxYgXeQepoHkHSQuy6NgaEb94,WannaCry
1ASDSZ3VCfY9Ejz28GsM37v8sndeyaGJry,"2017-05-15 09:14:41",0.1711,13AM4VW2dhxYgXeQepoHkHSQuy6NgaEb94,WannaCry
1DdYtj3B5H5UBCgYb1supBykKsbv73LNhj,"2017-05-15 09:14:41",0.18,13AM4VW2dhxYgXeQepoHkHSQuy6NgaEb94,WannaCry
1PkyF6h4iXANEbfHAb37Xt3TLbHhoZ8Z1S,"2017-05-15 07:35:12",0.17277099,13AM4VW2dhxYgXeQepoHkHSQuy6NgaEb94,WannaCry
"14iYdk93NkmHQmdtMChHnkvgVHWyovxKpA, 14iYdk93NkmHQmdtMChHnkvgVHWyovxKpA","2017-05-15 07:25:41",0.32847456,13AM4VW2dhxYgXeQepoHkHSQuy6NgaEb94,WannaCry
18HyJapNAGtGuEKHVwgEcezMZd2BcD8WJq,"2017-05-15 07:25:41",0.17771625,13AM4VW2dhxYgXeQepoHkHSQuy6NgaEb94,WannaCry
12cgpFdJViXbwHbhrA3TuW1EGnL25Zqc3P,"2017-05-15 07:08:25",0.1709,13AM4VW2dhxYgXeQepoHkHSQuy6NgaEb94,WannaCry
"338cc7rSmifMuM8uYGE8vtBjgjtjo4pBkT, 3DZpuuGNRfYTbEfLHnwVCWcbbD8UXeA2DF, 3Ah2mSVtAS7PBPPNwZThiABbhDokMhz17z, 36abSiQbfehHEMA5JtzmYtpFVAUfjyirpC","2017-05-15 07:03:17",0.152,13AM4VW2dhxYgXeQepoHkHSQuy6NgaEb94,WannaCry
12wPGKjEZ6W5MjQQfWSqnd6Xa1svm5UDoB,"2017-05-15 06:17:29",0.172074,13AM4VW2dhxYgXeQepoHkHSQuy6NgaEb94,WannaCry
"1Use1Th1cSNHoKVP2JUQK92uXKNz8KDX3, 1DASHppvswGAtcXi1zNSH33XzD3HMxLpDX","2017-05-15 04:47:48",0.0002,13AM4VW2dhxYgXeQepoHkHSQuy6NgaEb94,WannaCry
13s1EU4vMfc6C4XWFWuwryYxwSi16AUmro,"2017-05-15 02:48:45",0.168077,13AM4VW2dhxYgXeQepoHkHSQuy6NgaEb94,WannaCry
19HiGdSRe3kTXX6d6fudSKzUsZcJ7YzQ48,"2017-05-15 01:57:15",0.15,13AM4VW2dhxYgXeQepoHkHSQuy6NgaEb94,WannaCry
"1LQ8nWgniGhX7NAWfRKsBX8rJtWdc1cqfV, 16Z2L9zeh6Vt5a7YPkA78yd69BsbX8fnw7","2017-05-15 01:01:38",0.139,13AM4VW2dhxYgXeQepoHkHSQuy6NgaEb94,WannaCry
3GLPxBkboTj9uyiq6jsVsfmua6UWCcuZY1,"2017-05-14 17:31:39",0.19349845,13AM4VW2dhxYgXeQepoHkHSQuy6NgaEb94,WannaCry
"176dw4Fs1z8H35cujt7jck84MQ6KP8jHKm, 1CX8H6KsV9eV54n6eieGFEkVibxrzFVcA1","2017-05-14 16:30:02",0.168822,13AM4VW2dhxYgXeQepoHkHSQuy6NgaEb94,WannaCry
"bc1qf2uvjww9wkk4nfa5r5y05zh742yjgt08czgtfc, 1Cuifi1euV7aLYsLoP6bPfpieF8SqTWeG7, bc1qqw82d4j659d6u5c0c7p6hljfwmkrnm3ualewac, bc1qgax32wm9t77phcfe0nx62uxp773w36vhvr36mq, bc1q83wyknyqgthvm4h5pr5ff592ya9hxnq2683ry3, 1ANwgSAocS2QkRf6M6jVzGcyGhtuHBUxRa","2023-03-06 07:30:13",0.00010201,12t9YDPgwueZ9NyMgw519p7AA8isjr6SMw,WannaCry
"37aBjdH6zJhUgZ7NtH3CkNokqdAHCeV6ST, bc1qh6u340yvcerfgduls9uzsgl5wghqypz52xtqc4nn2p6v9v6tfftq3lxgmm","2023-02-10 21:57:10",0.00243992,12t9YDPgwueZ9NyMgw519p7AA8isjr6SMw,WannaCry
bc1q7sqqcldp08k0tdsc9v9lfpt734ga80myekpcsy,"2022-11-19 17:10:53",5.5e-06,12t9YDPgwueZ9NyMgw519p7AA8isjr6SMw,WannaCry
"bc1qdvtq5wrelpkcqexff222cumdrraj2uz7q7y6w9, 14Gpu37x74AqQ8eaRfHZKuR5AJAMnXvMuc, 1ET7ZZW4Y1xYCvBccFymEPf5LV9z2yHpXx, 16KhUAxcga98PrQm2kcCanZbzvA3H28tRH, 1FpdJYjDhGBTbEYDQSJJ7E5WjeX79Gt5Q4","2022-09-09 01:22:11",0.0001081,12t9YDPgwueZ9NyMgw519p7AA8isjr6SMw,WannaCry
bc1qs7wz0zwaz02vc7yy8y5t0adydewty2qkv9yrdf,"2022-07-07 00:50:32",0.00011163,12t9YDPgwueZ9NyMgw519p7AA8isjr6SMw,WannaCry
bc1qrfr8tt88adcktu9ndvn33n7p746vgpdfanuhhn,"2022-06-28 02:10:16",0.000108,12t9YDPgwueZ9NyMgw519p7AA8isjr6SMw,WannaCry
"bc1ql6sw0y654sgh96a848nn2zugu6zdz3x30jjll5, bc1qq50mrcazq98tvh2vwa5vh8yd86eqwcscshdppc, bc1q987nztlkp6u2dltd3fn33cz45d7e0u4r8jq9n0","2022-04-23 08:26:40",2.046e-05,12t9YDPgwueZ9NyMgw519p7AA8isjr6SMw,WannaCry
"bc1q4tem8c9vk3zsgmm5nknvqhrvc9vtfruq7nvzzm, bc1qvs7m8vkqdpgmyacxmax735h5mxyycz93wxl70t","2022-04-23 08:17:12",2.526e-05,12t9YDPgwueZ9NyMgw519p7AA8isjr6SMw,WannaCry
"1BwibwNo9nNzyHyZ5bw9ziFAwcM6KKHUq1, bc1q5jzlxc40wjlurz6lawzahdlxur9083d35hly4e, bc1q3n4jgkf6y9368rur95uw2nc9v5eqlwt6xty60d","2022-04-14 00:26:56",0.00011859,12t9YDPgwueZ9NyMgw519p7AA8isjr6SMw,WannaCry
"3MN8XNdrkPV1Rvq1QLbTKFfGYFC5qJJG2c, 38pUQbzo2mfrjLvUSdAS7XoWr1owPqnnHE","2022-02-09 23:20:13",0.001,12t9YDPgwueZ9NyMgw519p7AA8isjr6SMw,WannaCry
bc1q2pp5cvj2ldpx98sue9furyq8aslep4luhzxzt9,"2021-12-03 00:08:48",1.8e-05,12t9YDPgwueZ9NyMgw519p7AA8isjr6SMw,WannaCry
bc1q08609y8r6jtvzfxupgwq83dyjsq7jzhplyfqg3,"2021-10-30 20:13:00",0.00727107,12t9YDPgwueZ9NyMgw519p7AA8isjr6SMw,WannaCry
bc1qeg4zc6fnq4hxrhtumnzrnfa93ljzdmygpu5svz,"2021-09-22 11:44:26",0.00026346,12t9YDPgwueZ9NyMgw519p7AA8isjr6SMw,WannaCry
3FRoui8VfExQmfdUQGX4w3EujRCWi6SkNy,"2021-07-05 07:51:00",0.00010802,12t9YDPgwueZ9NyMgw519p7AA8isjr6SMw,WannaCry
1EmX5bfrExWfdPjuTZtARjey5UWXWQX5tD,"2021-06-29 23:45:12",1.046e-05,12t9YDPgwueZ9NyMgw519p7AA8isjr6SMw,WannaCry
3C34hCiy6MgGcr4BXiasWTuHvUeY2hW2mr,"2021-02-05 02:58:05",9.744e-05,12t9YDPgwueZ9NyMgw519p7AA8isjr6SMw,WannaCry
bc1q9kh2j3tuxkmsmaw68hspaw63shkuv3fxqa90qd,"2021-02-02 15:25:15",0.00018808,12t9YDPgwueZ9NyMgw519p7AA8isjr6SMw,WannaCry
1JUToCyRL5UwgeucjnFAagKs4v1YqhjT1d,"2021-01-26 14:38:04",0.00059558,12t9YDPgwueZ9NyMgw519p7AA8isjr6SMw,WannaCry
"3B2j4MaJSxhQYHPPNoSLYXQjUYr9Mku9xP, 3HVLCaPgj6yCjoxXRuHuGYpJsxneqN4H8e, bc1qze9p7vhac8hvwglam3kkh72ldwm5graxsc4l03","2021-01-26 13:41:21",0.00059186,12t9YDPgwueZ9NyMgw519p7AA8isjr6SMw,WannaCry
bc1qrxjxqq7s8hfp9s6rpj427xncusmj28nzd36pre,"2021-01-09 16:16:37",0.0001,12t9YDPgwueZ9NyMgw519p7AA8isjr6SMw,WannaCry
bc1qt9f7zk0zmfuyn4nrwgx2sdy9mxqpn6t09ry5cq,"2020-12-30 09:57:50",0.00012873,12t9YDPgwueZ9NyMgw519p7AA8isjr6SMw,WannaCry
"bc1qjunkqgg7tt7rdlw65f5g6hj9rwrjv3xswwdk8a, 397oGhTcvzF88oJGDh9LnpvywoQwKT4A9a","2020-12-04 07:38:51",9.245e-05,12t9YDPgwueZ9NyMgw519p7AA8isjr6SMw,WannaCry
bc1qz7atd8f4sn7gms7xcxpuh2j0e8hseuenztkf2a,"2020-11-21 06:21:50",9.852e-05,12t9YDPgwueZ9NyMgw519p7AA8isjr6SMw,WannaCry
bc1q53f3cchcd39grnqwf2tzd2hnm2lacyej7w4mfr,"2020-11-18 14:13:07",9.532e-05,12t9YDPgwueZ9NyMgw519p7AA8isjr6SMw,WannaCry
3QJK8GKKkkJboooEYsVuKmjwerRUbRo7Df,"2020-11-05 06:53:04",0.00010154,12t9YDPgwueZ9NyMgw519p7AA8isjr6SMw,WannaCry
1BwibwNo9nNzyHyZ5bw9ziFAwcM6KKHUq1,"2020-11-01 20:26:40",0.0001003,12t9YDPgwueZ9NyMgw519p7AA8isjr6SMw,WannaCry
"3QB6c79E8adLsLYmdSU1TXoh2W1Gt1d62u, bc1qpeucamu4v6j8rzrplm0ezv5ypctruhpvstgeg6","2020-10-25 07:52:58",0.00010042,12t9YDPgwueZ9NyMgw519p7AA8isjr6SMw,WannaCry
3K21Bj1kr1xDtLDCjZFDiF1BEb67S5Gv88,"2020-10-24 15:33:05",0.00010068,12t9YDPgwueZ9NyMgw519p7AA8isjr6SMw,WannaCry
3738HqGMm84DmqNUjNfyWWk3WDCbiuUoHf,"2020-10-24 03:56:35",0.00015799,12t9YDPgwueZ9NyMgw519p7AA8isjr6SMw,WannaCry
"3NHP5zGyhd78Bim2G7f48tKDhMDHtB7tZr, 3NHP5zGyhd78Bim2G7f48tKDhMDHtB7tZr","2020-10-23 16:56:02",0.023,12t9YDPgwueZ9NyMgw519p7AA8isjr6SMw,WannaCry
bc1q7tx7myrdxyd2gf633eln00py36spznmuenw262,"2020-10-18 07:57:01",0.00010011,12t9YDPgwueZ9NyMgw519p7AA8isjr6SMw,WannaCry
3A7NZ4MZp1FwyQ7M8tXyVJ15SnN6UH3qfg,"2020-10-18 07:57:01",0.0001392,12t9YDPgwueZ9NyMgw519p7AA8isjr6SMw,WannaCry
1E2Kcc536rGkDXBk9Hqs5xxf8p4AeY8hnd,"2020-10-17 02:08:38",1.434e-05,12t9YDPgwueZ9NyMgw519p7AA8isjr6SMw,WannaCry
34mrQ99pW4pFwPPrWfrXa23DedmrVPuueJ,"2020-10-15 05:45:10",0.00019635,12t9YDPgwueZ9NyMgw519p7AA8isjr6SMw,WannaCry
1BwibwNo9nNzyHyZ5bw9ziFAwcM6KKHUq1,"2020-10-03 04:53:41",0.0001,12t9YDPgwueZ9NyMgw519p7AA8isjr6SMw,WannaCry
bc1qzqvgqw5jjgc798vll74cfnmz7f9vprc9ghldjz,"2020-09-27 04:49:48",0.0001309,12t9YDPgwueZ9NyMgw519p7AA8isjr6SMw,WannaCry
bc1qty44pcwkw2ydhnc8q4t4kl2cp74tren6vq04x6,"2020-09-25 07:03:03",0.00010002,12t9YDPgwueZ9NyMgw519p7AA8isjr6SMw,WannaCry
3DYpxePiKWdbc4oQk2LCozJhcKdhFJmUXu,"2020-09-17 17:09:58",0.02993119,12t9YDPgwueZ9NyMgw519p7AA8isjr6SMw,WannaCry
3QCCex1EuvvrhgBFr2ma88nsc3aNSaZkk1,"2020-09-14 09:08:09",0.0291,12t9YDPgwueZ9NyMgw519p7AA8isjr6SMw,WannaCry
39EBA1BS3FMmENRdqr9D55YMX9RskHw7QJ,"2020-09-09 07:19:21",0.00011435,12t9YDPgwueZ9NyMgw519p7AA8isjr6SMw,WannaCry
38AV9WxcUMrfHE8unfoDVPo4xkQR2FHBn1,"2020-09-07 05:44:02",0.00010017,12t9YDPgwueZ9NyMgw519p7AA8isjr6SMw,WannaCry
"3K3YbU7tgG8JBrbvmEc5ssi6rZKfGGwfJC, 3QT1qQk1bvpAiUiSSGkADJ5nkhzT3wmUes, 35NDT4aqaLgkFZJHktPznpvUjGuRbokRtB","2020-09-06 05:38:51",8.5e-05,12t9YDPgwueZ9NyMgw519p7AA8isjr6SMw,WannaCry
3NzC4WJAqdAUQyX5ZaLMSnm3rq2pwMmC1w,"2020-09-06 00:59:48",0.00012003,12t9YDPgwueZ9NyMgw519p7AA8isjr6SMw,WannaCry
bc1qtv84l9u53yuuq5834vmaydvae5k7h9m5xxs65ejdxe50t0apc4nshws8rt,"2020-09-02 11:22:12",0.02547313,12t9YDPgwueZ9NyMgw519p7AA8isjr6SMw,WannaCry
18axr3XqaQzL61grTc5V2tDfQzftUk3Hur,"2020-08-25 00:39:33",0.0001,12t9YDPgwueZ9NyMgw519p7AA8isjr6SMw,WannaCry
1BwibwNo9nNzyHyZ5bw9ziFAwcM6KKHUq1,"2020-08-17 05:50:45",0.00011972,12t9YDPgwueZ9NyMgw519p7AA8isjr6SMw,WannaCry
1B3XYA6SwSEnCB6ZYNkahGgc9rpSNe4Npq,"2020-08-08 03:17:50",0.00011812,12t9YDPgwueZ9NyMgw519p7AA8isjr6SMw,WannaCry
14aDo2AnJG64G1iicMFKrbdMRwcWQ6rB89,"2020-08-02 03:17:19",0.0001,12t9YDPgwueZ9NyMgw519p7AA8isjr6SMw,WannaCry
1CFYRwMNuWBs2oG73VBnYGGWWiRpzwQZhj,"2020-07-26 04:51:46",0.00010132,12t9YDPgwueZ9NyMgw519p7AA8isjr6SMw,WannaCry
14V9E6YtWWQfyuCn4WKfu5ophWcrEx4f1u,"2020-07-26 03:55:56",0.00011026,12t9YDPgwueZ9NyMgw519p7AA8isjr6SMw,WannaCry
1MtuyUDBXF3AYEvWtLmo3qZoN4SiKoPJDz,"2020-07-19 09:15:21",0.01182332,12t9YDPgwueZ9NyMgw519p7AA8isjr6SMw,WannaCry
19KgtagFHfxw3DacKK6yJKPuDsx5uCRVic,"2020-07-16 14:12:27",1.103e-05,12t9YDPgwueZ9NyMgw519p7AA8isjr6SMw,WannaCry
18Xsmrf9hGT1uAPyRzof9DXCJx7CanJBT5,"2020-07-11 03:31:29",0.0001013,12t9YDPgwueZ9NyMgw519p7AA8isjr6SMw,WannaCry
1BwibwNo9nNzyHyZ5bw9ziFAwcM6KKHUq1,"2020-07-11 03:02:53",0.0001112,12t9YDPgwueZ9NyMgw519p7AA8isjr6SMw,WannaCry
16JWFnJTdawo9GKf4THZmGpSaN9uZCn6K8,"2020-07-08 10:28:15",0.00026998,12t9YDPgwueZ9NyMgw519p7AA8isjr6SMw,WannaCry
"1KVBJFEe3sBrvdsQNmycbgRihHwkHHtqKp, 1HULfu1wv8XvU1rFc7Zv532bKStQtfYfa1","2020-07-06 05:40:01",0.00016317,12t9YDPgwueZ9NyMgw519p7AA8isjr6SMw,WannaCry
"1A5fN94PxHNUwZTETcV7SWDgrvY4XJmn5h, 177FiNyNJLTZAbzL4Mdb27MrvSs4hX3Phg","2020-07-04 02:00:02",0.0001061,12t9YDPgwueZ9NyMgw519p7AA8isjr6SMw,WannaCry
"1HtaubF4bigwpVXsKx2M1F42phP8zDu8iX, 1LD8xaDE6qp3h3zSvxJu1eqLJjGccbbWRv","2020-07-03 09:53:05",0.00011447,12t9YDPgwueZ9NyMgw519p7AA8isjr6SMw,WannaCry
"15ZTMBZw1AVk6uzSofg7ckLtNkEnsg1sh5, 1Ni5oSmYWQxQun5KDTbSd2DJxuV7Hx9d3","2020-06-27 07:53:41",0.00010055,12t9YDPgwueZ9NyMgw519p7AA8isjr6SMw,WannaCry
1BPPZ9rTnfuFULgj1osmXRHDjFgUepBq9b,"2020-06-24 03:51:34",0.00010536,12t9YDPgwueZ9NyMgw519p7AA8isjr6SMw,WannaCry
1F8B83EFQEx1vEnAJx9YEW31uacoAjjnq8,"2020-06-18 06:40:41",0.00010451,12t9YDPgwueZ9NyMgw519p7AA8isjr6SMw,WannaCry
1BwibwNo9nNzyHyZ5bw9ziFAwcM6KKHUq1,"2020-05-27 07:53:58",0.00013169,12t9YDPgwueZ9NyMgw519p7AA8isjr6SMw,WannaCry
1AFdDdgJ9c5cFuS6yV1dUKusFNnbotynGJ,"2020-05-25 03:43:58",0.00020615,12t9YDPgwueZ9NyMgw519p7AA8isjr6SMw,WannaCry
128ktHo6JphTCGX78jRxm5xzPYTJFuF8x6,"2020-05-25 00:43:32",2.968e-05,12t9YDPgwueZ9NyMgw519p7AA8isjr6SMw,WannaCry
bc1qpe6y0vjzldz44ydpcyz75h0p0v7qcu5txacu3d,"2020-05-22 20:24:45",0.00010913,12t9YDPgwueZ9NyMgw519p7AA8isjr6SMw,WannaCry
1PG4dRUi52b28mK8Amm88eWAmpjHq8vy9U,"2020-05-06 12:07:28",0.00013956,12t9YDPgwueZ9NyMgw519p7AA8isjr6SMw,WannaCry
1HEaSkzxDfAZPhpzBKQTFzuXxDNfCdLHSt,"2020-04-08 12:04:33",0.00371287,12t9YDPgwueZ9NyMgw519p7AA8isjr6SMw,WannaCry
1EjfdWhUVFtvMF5AZ2X58PnFQF4dePndQX,"2020-03-31 01:33:57",0.0001,12t9YDPgwueZ9NyMgw519p7AA8isjr6SMw,WannaCry
131g2u1iaB1rHr5esd7fxTotaKT5N2uciX,"2020-03-14 06:40:15",0.0001,12t9YDPgwueZ9NyMgw519p7AA8isjr6SMw,WannaCry
13hctCiHkV2eoXwzMvLVRZEyHdvpJ4QLot,"2020-02-26 03:16:43",0.0001,12t9YDPgwueZ9NyMgw519p7AA8isjr6SMw,WannaCry
117poapRxiH4HdEpspiA9AXmtbZD6mTiG,"2020-02-25 06:30:55",0.0001,12t9YDPgwueZ9NyMgw519p7AA8isjr6SMw,WannaCry
1A8o4jZcjBuhhE985PiByLfuMfST7kyTVa,"2020-02-21 10:40:45",0.0002,12t9YDPgwueZ9NyMgw519p7AA8isjr6SMw,WannaCry
12GYceBomN19a65Y4uTnZgAyHEoGsMsCMi,"2020-02-21 06:52:47",0.0001,12t9YDPgwueZ9NyMgw519p7AA8isjr6SMw,WannaCry
3HqxfdTzAKWUmJGYhBSv1AKdqwFFcWKS5C,"2020-02-05 08:36:16",0.00020159,12t9YDPgwueZ9NyMgw519p7AA8isjr6SMw,WannaCry
"1BwibwNo9nNzyHyZ5bw9ziFAwcM6KKHUq1, 1BwibwNo9nNzyHyZ5bw9ziFAwcM6KKHUq1","2020-01-19 13:35:35",0.00012861,12t9YDPgwueZ9NyMgw519p7AA8isjr6SMw,WannaCry
"1BwibwNo9nNzyHyZ5bw9ziFAwcM6KKHUq1, 1LrUQi8R5QZrL8MyRrZW8YVdsdPFWgVmsV, 1DaoER14Zzv4ZkCpSrL4N2TTEoHiyqevnW","2020-01-17 05:55:26",0.000139,12t9YDPgwueZ9NyMgw519p7AA8isjr6SMw,WannaCry
1BwibwNo9nNzyHyZ5bw9ziFAwcM6KKHUq1,"2020-01-12 03:50:43",0.0001,12t9YDPgwueZ9NyMgw519p7AA8isjr6SMw,WannaCry
"1BwibwNo9nNzyHyZ5bw9ziFAwcM6KKHUq1, 1BzaQ6Zzh8MB55jsR3jwcgUaVaAAj5dvTi, 18AVmw1yWcgm7EkedbT38kx1DtbGmXc8o8","2020-01-12 03:50:43",0.0001,12t9YDPgwueZ9NyMgw519p7AA8isjr6SMw,WannaCry
"1H8NUYnoi7aSj26GfNzKRi8xs1cuS7aroc, 1GjJCCi74D7KYgx8yqnCx3v536LMhqAyNs","2020-01-05 14:01:46",0.0001,12t9YDPgwueZ9NyMgw519p7AA8isjr6SMw,WannaCry
1C3NvvJbywydPh1MzJweX4FacCq2Pnsa1J,"2019-12-27 14:42:39",0.0001,12t9YDPgwueZ9NyMgw519p7AA8isjr6SMw,WannaCry
1GQukhpY47BbD8CVa3o4Bu83r4CEoVNP9d,"2019-12-25 09:15:51",0.0001,12t9YDPgwueZ9NyMgw519p7AA8isjr6SMw,WannaCry
1BwibwNo9nNzyHyZ5bw9ziFAwcM6KKHUq1,"2019-12-24 04:07:13",0.0002,12t9YDPgwueZ9NyMgw519p7AA8isjr6SMw,WannaCry
"1HfTscVfdcaNbj8X3jWmBcsx6wrtgihzU8, 14jct8uxmQnLHFRjVJwjSP4A7E1rWTRt2F","2019-12-24 03:46:44",0.0001,12t9YDPgwueZ9NyMgw519p7AA8isjr6SMw,WannaCry
1KqxdiRGrPoo27bTSLmwDgg3KNKwj7puc8,"2019-12-22 02:09:14",0.0001,12t9YDPgwueZ9NyMgw519p7AA8isjr6SMw,WannaCry
"1BwibwNo9nNzyHyZ5bw9ziFAwcM6KKHUq1, 1BfbzpUBiCfY1WM5C5mEnQ3b1rAJkNr9c4","2019-12-19 09:19:02",0.0001,12t9YDPgwueZ9NyMgw519p7AA8isjr6SMw,WannaCry
"1BwibwNo9nNzyHyZ5bw9ziFAwcM6KKHUq1, 1JMmuLaQGMVZvPpw3Hzw8epy2fKJZ3eXLP","2019-12-18 07:00:19",0.00010824,12t9YDPgwueZ9NyMgw519p7AA8isjr6SMw,WannaCry
1BwibwNo9nNzyHyZ5bw9ziFAwcM6KKHUq1,"2019-12-13 07:21:29",0.0001,12t9YDPgwueZ9NyMgw519p7AA8isjr6SMw,WannaCry
"1BwibwNo9nNzyHyZ5bw9ziFAwcM6KKHUq1, 12ZkAb1SdcEWtTuudENMnxdTnYvxESb9Y4","2019-12-12 10:35:25",0.0001,12t9YDPgwueZ9NyMgw519p7AA8isjr6SMw,WannaCry
1BwibwNo9nNzyHyZ5bw9ziFAwcM6KKHUq1,"2019-12-09 03:15:41",0.0001,12t9YDPgwueZ9NyMgw519p7AA8isjr6SMw,WannaCry
bc1q2rc2r0t9avlkwdsqsp6mj7pu2r775gnxgfy789,"2019-12-07 08:29:19",0.00032949,12t9YDPgwueZ9NyMgw519p7AA8isjr6SMw,WannaCry
1z87QzjSVXARpcH42kQqKgdGpjaD5kqP6,"2019-12-06 23:56:24",0.00026538,12t9YDPgwueZ9NyMgw519p7AA8isjr6SMw,WannaCry
"1BwibwNo9nNzyHyZ5bw9ziFAwcM6KKHUq1, 19Ko4kvuvRZ6Kr4wyBuPxHcYDig5LekPyW","2019-12-05 08:13:02",0.0001,12t9YDPgwueZ9NyMgw519p7AA8isjr6SMw,WannaCry
"1BwibwNo9nNzyHyZ5bw9ziFAwcM6KKHUq1, 1EKJifr3h5gdXJxti9cJkG3rA22tcZXU2p, 1MVMDokXfCJxaoLW5S7AVzUT4W8aUBAfoZ, 1P27q2TH5j6M1HSQ4VF69FjZ4intFmAybQ","2019-11-25 02:46:44",0.00010329,12t9YDPgwueZ9NyMgw519p7AA8isjr6SMw,WannaCry
1BwibwNo9nNzyHyZ5bw9ziFAwcM6KKHUq1,"2019-11-22 23:37:50",0.0001,12t9YDPgwueZ9NyMgw519p7AA8isjr6SMw,WannaCry
1Ckt6V4HyczW3gWREbq9BSTRpz9AT53Rne,"2019-11-11 02:50:12",0.0001,12t9YDPgwueZ9NyMgw519p7AA8isjr6SMw,WannaCry
1BwibwNo9nNzyHyZ5bw9ziFAwcM6KKHUq1,"2019-11-11 02:50:12",0.00011684,12t9YDPgwueZ9NyMgw519p7AA8isjr6SMw,WannaCry
"1BwibwNo9nNzyHyZ5bw9ziFAwcM6KKHUq1, 1BwibwNo9nNzyHyZ5bw9ziFAwcM6KKHUq1","2019-11-09 03:29:40",0.0001,12t9YDPgwueZ9NyMgw519p7AA8isjr6SMw,WannaCry
"1BwibwNo9nNzyHyZ5bw9ziFAwcM6KKHUq1, 1tL1jzHPDegJNqGM1TTTwWrKMmrbCuLxk, 1C7wv7t6GjoYgx2WEZNEaRMevmvxc4Dayq","2019-11-05 08:19:55",0.0001,12t9YDPgwueZ9NyMgw519p7AA8isjr6SMw,WannaCry
1DrYej6uCz1vxiV7AbRscZs7xgXJW67dgV,"2019-11-04 20:54:36",0.00701218,12t9YDPgwueZ9NyMgw519p7AA8isjr6SMw,WannaCry
"1MEqJK7JypVSgUcC2LMkcYmnDPCuSawp89, 12brRKTrEWdZvGYCefSF3KnvGnyKLyMZXH","2019-11-04 20:54:36",0.03772263,12t9YDPgwueZ9NyMgw519p7AA8isjr6SMw,WannaCry
1A42fsJjBekr73n8q4x1d1YLT6ho9Dt88x,"2017-05-06 15:29:10",0.2997288,1QAc9S5EmycqjzzWDc1yiWzr9jJLC8sLiY,WannaCry
18gedEyqbmU2UwkWwKJHtrSoMao6eesqnM,"2017-04-20 07:34:25",0.6,1QAc9S5EmycqjzzWDc1yiWzr9jJLC8sLiY,WannaCry
3GfzsTbmMvDxeMJW48N53uu45aGu4h5m6d,"2017-04-17 05:40:50",0.0155,1QAc9S5EmycqjzzWDc1yiWzr9jJLC8sLiY,WannaCry
35RBLNRa2M9Bw76KFdb5FS1nF6VSuFMtXB,"2017-04-17 04:45:18",0.2975,1QAc9S5EmycqjzzWDc1yiWzr9jJLC8sLiY,WannaCry
3387wkbZPDALpQ2ghksiD2D1zAfzZmpvHt,"2017-04-16 05:08:23",0.3015,1QAc9S5EmycqjzzWDc1yiWzr9jJLC8sLiY,WannaCry
1PzAanYsDxymT1DAjYQXCgxwNoVjfDaGBk,"2017-04-11 07:04:36",0.3,1QAc9S5EmycqjzzWDc1yiWzr9jJLC8sLiY,WannaCry
"1Pkni5g2fiB6xJfsAXsuRwZD5mrV9miMt3, 1JKawxwsRm2FcW5KAunBipUfocUURe9ejr, 14rHfNwwy4edvTyiwkWA59HcKUBtRmPWfe","2017-04-04 13:38:29",0.35017071,1QAc9S5EmycqjzzWDc1yiWzr9jJLC8sLiY,WannaCry
13nv8sBUW6rCYb62KrTaJxz74YRKERGo4Q,"2017-04-03 14:51:00",0.35295187,1QAc9S5EmycqjzzWDc1yiWzr9jJLC8sLiY,WannaCry
1HBynnwNpDGRaMbLn6BjoYMpVwZdkKKopG,"2017-04-02 07:44:25",0.186,1QAc9S5EmycqjzzWDc1yiWzr9jJLC8sLiY,WannaCry
18Z7pn2qodyFc5sCR1AGxD7w2SL3YEg3Qy,"2017-04-01 09:31:46",0.183318,1QAc9S5EmycqjzzWDc1yiWzr9jJLC8sLiY,WannaCry
39u9koNRGnwRR1xrwZbvNVWLjhzHjP57nq,"2017-03-31 16:04:26",0.17583018,1QAc9S5EmycqjzzWDc1yiWzr9jJLC8sLiY,WannaCry
1Mnr3HZZviKWqiGNncAZbjjvpYzo67VfnL,"2017-03-31 12:17:36",0.19,1QAc9S5EmycqjzzWDc1yiWzr9jJLC8sLiY,WannaCry
1KE7BtYavMZYyQSj5EJ6m8n8zU1ghBe9Bk,"2020-08-11 21:02:10",0.00044083,15zGqZCTcys6eCjDkE3DypCjXi6QWRV6V1,WannaCry
"13f9UsoSziNF57UFKbpGM6SSHnWfbEWZ5q, 17YwDGJXVAuPpdxiZgaAGfN4YYfTNsvBN8, 13f9UsoSziNF57UFKbpGM6SSHnWfbEWZ5q","2020-08-01 21:29:01",0.02537195,15zGqZCTcys6eCjDkE3DypCjXi6QWRV6V1,WannaCry
"348LQ638h4UqFsqowEBydBbQ7T39mY4e1Q, 3LcYEitp1x5mhvd1iCueqMoFeSxCkcoF4Q","2017-12-12 15:42:32",0.00200418,15zGqZCTcys6eCjDkE3DypCjXi6QWRV6V1,WannaCry
39qnGCZCXqP9MFS7GtZ7T1VasN5tNECaev,"2017-12-11 23:52:21",0.01818305,15zGqZCTcys6eCjDkE3DypCjXi6QWRV6V1,WannaCry
1CrQxg8fv7xHPMwGuNbp3KSyz5MnMGBkd1,"2017-11-23 09:16:32",0.04,15zGqZCTcys6eCjDkE3DypCjXi6QWRV6V1,WannaCry
13UZuEHB5DH5fvFJguCauhAeoivdMZp1cL,"2017-11-21 10:29:29",0.03712036,15zGqZCTcys6eCjDkE3DypCjXi6QWRV6V1,WannaCry
1DW8CY1b9xttVdL4psSXockwyStDtU4jRd,"2017-10-29 00:51:39",0.05264895,15zGqZCTcys6eCjDkE3DypCjXi6QWRV6V1,WannaCry
1GG6PmCy9g32Q168p2cvpWfqycvujfN11Q,"2017-07-03 09:40:02",0.120561,15zGqZCTcys6eCjDkE3DypCjXi6QWRV6V1,WannaCry
1Kawt3XQoYCqJyfh9JwbRWLPC8x5bcTn5e,"2017-06-13 00:22:05",0.22313376,15zGqZCTcys6eCjDkE3DypCjXi6QWRV6V1,WannaCry
3PwKUh4xhkSa5rH6n4vtcpS4qXRKCh4SDn,"2017-05-13 06:43:14",0.167934,15zGqZCTcys6eCjDkE3DypCjXi6QWRV6V1,WannaCry
1MyAwSkfdnTsV2uAsHiHMNcxqYhtWwNWSQ,"2017-05-12 15:25:06",0.32553,15zGqZCTcys6eCjDkE3DypCjXi6QWRV6V1,WannaCry
1AK49zgHeenMoAQhcEgtY557XNcforgsd4,"2017-05-06 14:38:39",0.19342015,15zGqZCTcys6eCjDkE3DypCjXi6QWRV6V1,WannaCry
"1A8xvec16miZMhCbWHFX7fXs1xEZBoMsYg, 1LVtxRBFa5q364PphgrKGg7VNgfDfE9e9h","2017-05-04 10:14:01",0.2023,15zGqZCTcys6eCjDkE3DypCjXi6QWRV6V1,WannaCry
1EnxErtRRpfshfZHCGj2dhVfKqNUvqB6uV,"2017-05-02 11:54:29",0.20551302,15zGqZCTcys6eCjDkE3DypCjXi6QWRV6V1,WannaCry
